{
  "AA": 0.004524886877828055,
  "KK": 0.00904977375565611,
  "QQ": 0.013574660633484163,
  "JJ": 0.01809954751131222,
  "AKs": 0.021116138763197588,
  "AQs": 0.024132730015082957,
  "TT": 0.02865761689291101,
  "AKo": 0.03770739064856712,
  "AJs": 0.04072398190045249,
  "KQs": 0.043740573152337855,
  "99": 0.048265460030165915,
  "ATs": 0.05128205128205128,
  "AQo": 0.06033182503770739,
  "KJs": 0.06334841628959276,
  "88": 0.06787330316742081,
  "QJs": 0.07088989441930618,
  "KTs": 0.07390648567119155,
  "A9s": 0.07692307692307693,
  "AJo": 0.08597285067873303,
  "QTs": 0.0889894419306184,
  "KQo": 0.09803921568627451,
  "77": 0.10256410256410256,
  "JTs": 0.10558069381598793,
  "A8s": 0.1085972850678733,
  "K9s": 0.11161387631975868,
  "ATo": 0.12066365007541478,
  "A5s": 0.12368024132730016,
  "A7s": 0.12669683257918551,
  "KJo": 0.13574660633484162,
  "66": 0.14027149321266968,
  "T9s": 0.14328808446455504,
  "A4s": 0.14630467571644043,
  "Q9s": 0.1493212669683258,
  "J9s": 0.15233785822021115,
  "QJo": 0.16138763197586728,
  "A6s": 0.16440422322775264,
  "55": 0.1689291101055807,
  "A3s": 0.17194570135746606,
  "K8s": 0.17496229260935142,
  "KTo": 0.18401206636500755,
  "98s": 0.1870286576168929,
  "T8s": 0.19004524886877827,
  "K7s": 0.19306184012066366,
  "A2s": 0.19607843137254902,
  "87s": 0.19909502262443438,
  "QTo": 0.2081447963800905,
  "Q8s": 0.21116138763197587,
  "44": 0.21568627450980393,
  "A9o": 0.22473604826546004,
  "J8s": 0.2277526395173454,
  "76s": 0.23076923076923078,
  "JTo": 0.2398190045248869,
  "97s": 0.24283559577677225,
  "K6s": 0.2458521870286576,
  "K5s": 0.248868778280543,
  "K4s": 0.25188536953242835,
  "T7s": 0.2549019607843137,
  "Q7s": 0.2579185520361991,
  "K9o": 0.2669683257918552,
  "65s": 0.26998491704374056,
  "T9o": 0.2790346907993967,
  "86s": 0.28205128205128205,
  "A8o": 0.2911010558069382,
  "J7s": 0.29411764705882354,
  "33": 0.2986425339366516,
  "54s": 0.30165912518853694,
  "Q6s": 0.3046757164404223,
  "K3s": 0.3076923076923077,
  "Q9o": 0.3167420814479638,
  "75s": 0.31975867269984914,
  "22": 0.32428355957767724,
  "J9o": 0.3333333333333333,
  "64s": 0.33634992458521873,
  "Q5s": 0.3393665158371041,
  "K2s": 0.34238310708898945,
  "96s": 0.3453996983408748,
  "Q3s": 0.34841628959276016,
  "J8o": 0.3574660633484163,
  "98o": 0.3665158371040724,
  "T8o": 0.3755656108597285,
  "97o": 0.38461538461538464,
  "A7o": 0.3936651583710407,
  "T7o": 0.40271493212669685,
  "Q4s": 0.4057315233785822,
  "Q8o": 0.41478129713423834,
  "J5s": 0.4177978883861237,
  "T6o": 0.42684766214177977,
  "75o": 0.4358974358974359,
  "J4s": 0.43891402714932126,
  "74s": 0.4419306184012066,
  "K8o": 0.45098039215686275,
  "86o": 0.46003016591251883,
  "53s": 0.46304675716440424,
  "K7o": 0.4720965309200603,
  "63s": 0.4751131221719457,
  "J6s": 0.4781297134238311,
  "85o": 0.48717948717948717,
  "T6s": 0.49019607843137253,
  "76o": 0.49924585218702866,
  "A6o": 0.5082956259426847,
  "T2o": 0.5173453996983409,
  "95s": 0.5203619909502263,
  "84o": 0.5294117647058824,
  "62o": 0.5384615384615384,
  "T5s": 0.5414781297134238,
  "95o": 0.55052790346908,
  "A5o": 0.5595776772247361,
  "Q7o": 0.5686274509803921,
  "T5o": 0.5776772247360482,
  "87o": 0.5867269984917044,
  "83o": 0.5957767722473605,
  "65o": 0.6048265460030166,
  "Q2s": 0.6078431372549019,
  "94o": 0.6168929110105581,
  "74o": 0.6259426847662142,
  "54o": 0.6349924585218703,
  "A4o": 0.6440422322775264,
  "T4o": 0.6530920060331825,
  "82o": 0.6621417797888386,
  "64o": 0.6711915535444947,
  "42o": 0.6802413273001509,
  "J7o": 0.6892911010558069,
  "93o": 0.698340874811463,
  "85s": 0.7013574660633484,
  "73o": 0.7104072398190046,
  "53o": 0.7194570135746606,
  "T3o": 0.7285067873303167,
  "63o": 0.7375565610859729,
  "K6o": 0.746606334841629,
  "J6o": 0.755656108597285,
  "96o": 0.7647058823529411,
  "92o": 0.7737556561085973,
  "72o": 0.7828054298642534,
  "52o": 0.7918552036199095,
  "Q4o": 0.8009049773755657,
  "K5o": 0.8099547511312217,
  "J5o": 0.8190045248868778,
  "43s": 0.8220211161387632,
  "Q3o": 0.8310708898944194,
  "43o": 0.8401206636500754,
  "K4o": 0.8491704374057315,
  "J4o": 0.8582202111613876,
  "T4s": 0.861236802413273,
  "Q6o": 0.8702865761689291,
  "Q2o": 0.8793363499245852,
  "J3s": 0.8823529411764706,
  "J3o": 0.8914027149321267,
  "T3s": 0.8944193061840121,
  "A3o": 0.9034690799396682,
  "Q5o": 0.9125188536953243,
  "J2o": 0.9215686274509803,
  "84s": 0.9245852187028658,
  "82s": 0.9276018099547512,
  "42s": 0.9306184012066365,
  "93s": 0.9336349924585219,
  "73s": 0.9366515837104072,
  "K3o": 0.9457013574660633,
  "J2s": 0.9487179487179487,
  "92s": 0.951734539969834,
  "52s": 0.9547511312217195,
  "K2o": 0.9638009049773756,
  "T2s": 0.9668174962292609,
  "62s": 0.9698340874811463,
  "32o": 0.9788838612368024,
  "A2o": 0.9879336349924586,
  "83s": 0.9909502262443439,
  "94s": 0.9939668174962293,
  "72s": 0.9969834087481146,
  "32s": 1.0
}
